{
  "operator": "+",
  "operands": [
    {
      "operator": "*",
      "operands": [
        [
          [1, 2, 3],
          [4, 5, 6]
        ],
        [
          [7, 8],
          [9, 10],
          [11, 12]
        ]
      ]
    },

    {
      "operator": "-",
      "operands": [
        {
          "operator": "T",
          "operands": [
            [
              [1, 2],
              [3, 4]
            ]
          ]
        }
      ]
    },

    {
      "operator": "*",
      "operands": [
        [
          [5, 6, 7],
          [8, 9, 10]
        ],
        {
          "operator": "-",
          "operands": [
            {
              "operator": "T",
              "operands": [
                [
                  [2, 3, 4],
                  [5, 6, 7]
                ]
              ]
            }
          ]
        }
      ]
    }
  ]
}
